scheme,mse,correlation,recovered_snr_db
AM,0.012707398087938337,0.9626682741762891,15.381366500659619
FM,0.6997073203042027,-0.0022947039769749453,-3.007632484274943
